,FP531_0,FP817_0,ExtFP681_0,ExtFP929_0,FP430_1,FP843_1,ExtFP9_1,FP860_2
109_40,-0.2312962221629036,-0.4335147457731793,-0.3398064295831623,-0.2750095491084633,-0.4012452272941122,-0.4834614149640446,-1.0771896549552529,4.008324670815311
75_47,-0.2312962221629036,-0.4335147457731793,-0.3398064295831623,-0.2750095491084633,-0.4012452272941122,-0.4834614149640446,0.9283416299068904,-0.2494807886399571
79_16,-0.2312962221629036,-0.4335147457731793,-0.3398064295831623,-0.2750095491084633,-0.4012452272941122,-0.4834614149640446,0.9283416299068904,-0.2494807886399571
01_41,-0.2312962221629036,-0.4335147457731793,-0.3398064295831623,3.636237371545238,-0.4012452272941122,2.0684173939183355,-1.0771896549552529,-0.2494807886399571
78_02,-0.2312962221629036,2.3067266102251884,-0.3398064295831623,-0.2750095491084633,-0.4012452272941122,-0.4834614149640446,0.9283416299068904,-0.2494807886399571
101_06,-0.2312962221629036,-0.4335147457731793,-0.3398064295831623,-0.2750095491084633,-0.4012452272941122,-0.4834614149640446,-1.0771896549552529,-0.2494807886399571
11_05,4.323460152737352,2.3067266102251884,-0.3398064295831623,-0.2750095491084633,-0.4012452272941122,-0.4834614149640446,0.9283416299068904,-0.2494807886399571
79_33,-0.2312962221629036,-0.4335147457731793,-0.3398064295831623,-0.2750095491084633,-0.4012452272941122,-0.4834614149640446,0.9283416299068904,-0.2494807886399571
42_33,4.323460152737352,-0.4335147457731793,-0.3398064295831623,-0.2750095491084633,-0.4012452272941122,-0.4834614149640446,0.9283416299068904,-0.2494807886399571
77_33,-0.2312962221629036,2.3067266102251884,-0.3398064295831623,-0.2750095491084633,-0.4012452272941122,2.0684173939183355,0.9283416299068904,-0.2494807886399571
75_34,-0.2312962221629036,-0.4335147457731793,-0.3398064295831623,-0.2750095491084633,-0.4012452272941122,-0.4834614149640446,0.9283416299068904,-0.2494807886399571
69_42,-0.2312962221629036,-0.4335147457731793,-0.3398064295831623,3.636237371545238,-0.4012452272941122,2.0684173939183355,-1.0771896549552529,-0.2494807886399571
03_24,-0.2312962221629036,-0.4335147457731793,-0.3398064295831623,-0.2750095491084633,-0.4012452272941122,-0.4834614149640446,0.9283416299068904,-0.2494807886399571
40_34,-0.2312962221629036,-0.4335147457731793,2.9428519090315377,-0.2750095491084633,2.492241482207092,-0.4834614149640446,0.9283416299068904,-0.2494807886399571
54_27,-0.2312962221629036,-0.4335147457731793,-0.3398064295831623,-0.2750095491084633,-0.4012452272941122,-0.4834614149640446,-1.0771896549552529,-0.2494807886399571
64_33,-0.2312962221629036,-0.4335147457731793,-0.3398064295831623,3.636237371545238,-0.4012452272941122,2.0684173939183355,0.9283416299068904,-0.2494807886399571
107_33,-0.2312962221629036,-0.4335147457731793,-0.3398064295831623,-0.2750095491084633,-0.4012452272941122,-0.4834614149640446,-1.0771896549552529,-0.2494807886399571
104_16,-0.2312962221629036,-0.4335147457731793,2.9428519090315377,-0.2750095491084633,2.492241482207092,-0.4834614149640446,0.9283416299068904,-0.2494807886399571
03_41,-0.2312962221629036,-0.4335147457731793,-0.3398064295831623,-0.2750095491084633,-0.4012452272941122,-0.4834614149640446,0.9283416299068904,-0.2494807886399571
94_26,-0.2312962221629036,-0.4335147457731793,-0.3398064295831623,-0.2750095491084633,2.492241482207092,-0.4834614149640446,0.9283416299068904,-0.2494807886399571
35_47,-0.2312962221629036,-0.4335147457731793,-0.3398064295831623,-0.2750095491084633,-0.4012452272941122,-0.4834614149640446,-1.0771896549552529,-0.2494807886399571
42_03,4.323460152737352,-0.4335147457731793,-0.3398064295831623,-0.2750095491084633,-0.4012452272941122,-0.4834614149640446,0.9283416299068904,-0.2494807886399571
63_05,-0.2312962221629036,-0.4335147457731793,-0.3398064295831623,-0.2750095491084633,-0.4012452272941122,2.0684173939183355,-1.0771896549552529,-0.2494807886399571
03_42,-0.2312962221629036,-0.4335147457731793,-0.3398064295831623,-0.2750095491084633,-0.4012452272941122,-0.4834614149640446,0.9283416299068904,-0.2494807886399571
37_16,-0.2312962221629036,-0.4335147457731793,-0.3398064295831623,-0.2750095491084633,-0.4012452272941122,-0.4834614149640446,0.9283416299068904,-0.2494807886399571
74_08,-0.2312962221629036,-0.4335147457731793,-0.3398064295831623,-0.2750095491084633,-0.4012452272941122,2.0684173939183355,0.9283416299068904,-0.2494807886399571
42_40,4.323460152737352,-0.4335147457731793,-0.3398064295831623,-0.2750095491084633,-0.4012452272941122,-0.4834614149640446,0.9283416299068904,4.008324670815311
05_05,-0.2312962221629036,-0.4335147457731793,-0.3398064295831623,-0.2750095491084633,-0.4012452272941122,-0.4834614149640446,0.9283416299068904,-0.2494807886399571
44_02,-0.2312962221629036,-0.4335147457731793,2.9428519090315377,-0.2750095491084633,-0.4012452272941122,-0.4834614149640446,-1.0771896549552529,-0.2494807886399571
66_33,-0.2312962221629036,2.3067266102251884,-0.3398064295831623,-0.2750095491084633,-0.4012452272941122,-0.4834614149640446,0.9283416299068904,-0.2494807886399571
106_01,-0.2312962221629036,-0.4335147457731793,-0.3398064295831623,-0.2750095491084633,-0.4012452272941122,-0.4834614149640446,0.9283416299068904,-0.2494807886399571
33_05,-0.2312962221629036,-0.4335147457731793,-0.3398064295831623,-0.2750095491084633,-0.4012452272941122,-0.4834614149640446,-1.0771896549552529,-0.2494807886399571
64_43,-0.2312962221629036,-0.4335147457731793,-0.3398064295831623,3.636237371545238,-0.4012452272941122,2.0684173939183355,0.9283416299068904,-0.2494807886399571
40_41,-0.2312962221629036,-0.4335147457731793,2.9428519090315377,-0.2750095491084633,2.492241482207092,-0.4834614149640446,0.9283416299068904,-0.2494807886399571
33_43,-0.2312962221629036,-0.4335147457731793,-0.3398064295831623,-0.2750095491084633,-0.4012452272941122,-0.4834614149640446,-1.0771896549552529,-0.2494807886399571
78_43,-0.2312962221629036,2.3067266102251884,-0.3398064295831623,-0.2750095491084633,-0.4012452272941122,-0.4834614149640446,0.9283416299068904,-0.2494807886399571
95_41,-0.2312962221629036,-0.4335147457731793,-0.3398064295831623,-0.2750095491084633,-0.4012452272941122,-0.4834614149640446,-1.0771896549552529,-0.2494807886399571
05_40,-0.2312962221629036,-0.4335147457731793,-0.3398064295831623,-0.2750095491084633,-0.4012452272941122,-0.4834614149640446,0.9283416299068904,4.008324670815311
106_33,-0.2312962221629036,-0.4335147457731793,-0.3398064295831623,-0.2750095491084633,-0.4012452272941122,-0.4834614149640446,0.9283416299068904,-0.2494807886399571
72_34,-0.2312962221629036,-0.4335147457731793,-0.3398064295831623,-0.2750095491084633,-0.4012452272941122,-0.4834614149640446,-1.0771896549552529,-0.2494807886399571
49_01,-0.2312962221629036,-0.4335147457731793,-0.3398064295831623,-0.2750095491084633,2.492241482207092,-0.4834614149640446,0.9283416299068904,-0.2494807886399571
102_03,-0.2312962221629036,-0.4335147457731793,-0.3398064295831623,-0.2750095491084633,-0.4012452272941122,2.0684173939183355,0.9283416299068904,-0.2494807886399571
72_08,-0.2312962221629036,-0.4335147457731793,-0.3398064295831623,-0.2750095491084633,-0.4012452272941122,-0.4834614149640446,-1.0771896549552529,-0.2494807886399571
21_43,-0.2312962221629036,-0.4335147457731793,-0.3398064295831623,-0.2750095491084633,-0.4012452272941122,2.0684173939183355,-1.0771896549552529,-0.2494807886399571
02_33,-0.2312962221629036,-0.4335147457731793,-0.3398064295831623,-0.2750095491084633,-0.4012452272941122,-0.4834614149640446,-1.0771896549552529,-0.2494807886399571
76_27,-0.2312962221629036,2.3067266102251884,-0.3398064295831623,-0.2750095491084633,-0.4012452272941122,-0.4834614149640446,0.9283416299068904,-0.2494807886399571
95_42,-0.2312962221629036,-0.4335147457731793,-0.3398064295831623,-0.2750095491084633,-0.4012452272941122,-0.4834614149640446,-1.0771896549552529,-0.2494807886399571
80_20,-0.2312962221629036,-0.4335147457731793,-0.3398064295831623,-0.2750095491084633,-0.4012452272941122,2.0684173939183355,0.9283416299068904,-0.2494807886399571
78_26,-0.2312962221629036,2.3067266102251884,-0.3398064295831623,-0.2750095491084633,-0.4012452272941122,-0.4834614149640446,0.9283416299068904,-0.2494807886399571
101_41,-0.2312962221629036,-0.4335147457731793,-0.3398064295831623,-0.2750095491084633,-0.4012452272941122,-0.4834614149640446,-1.0771896549552529,-0.2494807886399571
78_08,-0.2312962221629036,2.3067266102251884,-0.3398064295831623,-0.2750095491084633,-0.4012452272941122,-0.4834614149640446,0.9283416299068904,-0.2494807886399571
79_27,-0.2312962221629036,-0.4335147457731793,-0.3398064295831623,-0.2750095491084633,-0.4012452272941122,-0.4834614149640446,0.9283416299068904,-0.2494807886399571
35_20,-0.2312962221629036,-0.4335147457731793,-0.3398064295831623,-0.2750095491084633,-0.4012452272941122,-0.4834614149640446,-1.0771896549552529,-0.2494807886399571
95_40,-0.2312962221629036,-0.4335147457731793,-0.3398064295831623,-0.2750095491084633,-0.4012452272941122,-0.4834614149640446,-1.0771896549552529,4.008324670815311
64_06,-0.2312962221629036,-0.4335147457731793,-0.3398064295831623,3.636237371545238,-0.4012452272941122,2.0684173939183355,0.9283416299068904,-0.2494807886399571
41_02,-0.2312962221629036,-0.4335147457731793,2.9428519090315377,-0.2750095491084633,2.492241482207092,-0.4834614149640446,0.9283416299068904,-0.2494807886399571
35_03,-0.2312962221629036,-0.4335147457731793,-0.3398064295831623,-0.2750095491084633,-0.4012452272941122,-0.4834614149640446,-1.0771896549552529,-0.2494807886399571
71_03,-0.2312962221629036,-0.4335147457731793,-0.3398064295831623,-0.2750095491084633,-0.4012452272941122,2.0684173939183355,-1.0771896549552529,-0.2494807886399571
74_06,-0.2312962221629036,-0.4335147457731793,-0.3398064295831623,-0.2750095491084633,-0.4012452272941122,2.0684173939183355,0.9283416299068904,-0.2494807886399571
104_08,-0.2312962221629036,-0.4335147457731793,2.9428519090315377,-0.2750095491084633,2.492241482207092,-0.4834614149640446,0.9283416299068904,-0.2494807886399571
28_41,-0.2312962221629036,-0.4335147457731793,-0.3398064295831623,3.636237371545238,-0.4012452272941122,2.0684173939183355,-1.0771896549552529,-0.2494807886399571
77_41,-0.2312962221629036,2.3067266102251884,-0.3398064295831623,-0.2750095491084633,-0.4012452272941122,2.0684173939183355,0.9283416299068904,-0.2494807886399571
07_03,-0.2312962221629036,-0.4335147457731793,-0.3398064295831623,-0.2750095491084633,-0.4012452272941122,-0.4834614149640446,-1.0771896549552529,-0.2494807886399571
04_40,-0.2312962221629036,2.3067266102251884,-0.3398064295831623,-0.2750095491084633,-0.4012452272941122,-0.4834614149640446,0.9283416299068904,4.008324670815311
01_20,-0.2312962221629036,-0.4335147457731793,-0.3398064295831623,3.636237371545238,-0.4012452272941122,2.0684173939183355,-1.0771896549552529,-0.2494807886399571
75_01,-0.2312962221629036,-0.4335147457731793,-0.3398064295831623,-0.2750095491084633,-0.4012452272941122,-0.4834614149640446,0.9283416299068904,-0.2494807886399571
109_03,-0.2312962221629036,-0.4335147457731793,-0.3398064295831623,-0.2750095491084633,-0.4012452272941122,-0.4834614149640446,-1.0771896549552529,-0.2494807886399571
106_47,-0.2312962221629036,-0.4335147457731793,-0.3398064295831623,-0.2750095491084633,-0.4012452272941122,-0.4834614149640446,0.9283416299068904,-0.2494807886399571
33_41,-0.2312962221629036,-0.4335147457731793,-0.3398064295831623,-0.2750095491084633,-0.4012452272941122,-0.4834614149640446,-1.0771896549552529,-0.2494807886399571
49_43,-0.2312962221629036,-0.4335147457731793,-0.3398064295831623,-0.2750095491084633,2.492241482207092,-0.4834614149640446,0.9283416299068904,-0.2494807886399571
12_43,-0.2312962221629036,-0.4335147457731793,-0.3398064295831623,-0.2750095491084633,-0.4012452272941122,-0.4834614149640446,0.9283416299068904,-0.2494807886399571
09_42,-0.2312962221629036,-0.4335147457731793,-0.3398064295831623,-0.2750095491084633,-0.4012452272941122,-0.4834614149640446,-1.0771896549552529,-0.2494807886399571
95_02,-0.2312962221629036,-0.4335147457731793,-0.3398064295831623,-0.2750095491084633,-0.4012452272941122,-0.4834614149640446,-1.0771896549552529,-0.2494807886399571
33_16,-0.2312962221629036,-0.4335147457731793,-0.3398064295831623,-0.2750095491084633,-0.4012452272941122,-0.4834614149640446,-1.0771896549552529,-0.2494807886399571
05_02,-0.2312962221629036,-0.4335147457731793,-0.3398064295831623,-0.2750095491084633,-0.4012452272941122,-0.4834614149640446,0.9283416299068904,-0.2494807886399571
78_41,-0.2312962221629036,2.3067266102251884,-0.3398064295831623,-0.2750095491084633,-0.4012452272941122,-0.4834614149640446,0.9283416299068904,-0.2494807886399571
63_40,-0.2312962221629036,-0.4335147457731793,-0.3398064295831623,-0.2750095491084633,-0.4012452272941122,2.0684173939183355,-1.0771896549552529,4.008324670815311
70_01,-0.2312962221629036,-0.4335147457731793,-0.3398064295831623,-0.2750095491084633,-0.4012452272941122,-0.4834614149640446,-1.0771896549552529,-0.2494807886399571
81_41,-0.2312962221629036,-0.4335147457731793,-0.3398064295831623,-0.2750095491084633,-0.4012452272941122,-0.4834614149640446,0.9283416299068904,-0.2494807886399571
65_33,-0.2312962221629036,-0.4335147457731793,-0.3398064295831623,-0.2750095491084633,-0.4012452272941122,-0.4834614149640446,0.9283416299068904,-0.2494807886399571
01_24,-0.2312962221629036,-0.4335147457731793,-0.3398064295831623,3.636237371545238,-0.4012452272941122,2.0684173939183355,-1.0771896549552529,-0.2494807886399571
38_05,-0.2312962221629036,2.3067266102251884,-0.3398064295831623,-0.2750095491084633,-0.4012452272941122,-0.4834614149640446,0.9283416299068904,-0.2494807886399571
94_33,-0.2312962221629036,-0.4335147457731793,-0.3398064295831623,-0.2750095491084633,2.492241482207092,-0.4834614149640446,0.9283416299068904,-0.2494807886399571
09_27,-0.2312962221629036,-0.4335147457731793,-0.3398064295831623,-0.2750095491084633,-0.4012452272941122,-0.4834614149640446,-1.0771896549552529,-0.2494807886399571
108_26,-0.2312962221629036,-0.4335147457731793,-0.3398064295831623,-0.2750095491084633,-0.4012452272941122,2.0684173939183355,-1.0771896549552529,-0.2494807886399571
14_01,4.323460152737352,2.3067266102251884,2.9428519090315377,-0.2750095491084633,2.492241482207092,-0.4834614149640446,0.9283416299068904,-0.2494807886399571
72_47,-0.2312962221629036,-0.4335147457731793,-0.3398064295831623,-0.2750095491084633,-0.4012452272941122,-0.4834614149640446,-1.0771896549552529,-0.2494807886399571
29_06,-0.2312962221629036,-0.4335147457731793,-0.3398064295831623,-0.2750095491084633,-0.4012452272941122,-0.4834614149640446,-1.0771896549552529,-0.2494807886399571
104_06,-0.2312962221629036,-0.4335147457731793,2.9428519090315377,-0.2750095491084633,2.492241482207092,-0.4834614149640446,0.9283416299068904,-0.2494807886399571
70_43,-0.2312962221629036,-0.4335147457731793,-0.3398064295831623,-0.2750095491084633,-0.4012452272941122,-0.4834614149640446,-1.0771896549552529,-0.2494807886399571
68_24,-0.2312962221629036,-0.4335147457731793,-0.3398064295831623,-0.2750095491084633,-0.4012452272941122,-0.4834614149640446,0.9283416299068904,-0.2494807886399571
81_08,-0.2312962221629036,-0.4335147457731793,-0.3398064295831623,-0.2750095491084633,-0.4012452272941122,-0.4834614149640446,0.9283416299068904,-0.2494807886399571
40_01,-0.2312962221629036,-0.4335147457731793,2.9428519090315377,-0.2750095491084633,2.492241482207092,-0.4834614149640446,0.9283416299068904,-0.2494807886399571
04_26,-0.2312962221629036,2.3067266102251884,-0.3398064295831623,-0.2750095491084633,-0.4012452272941122,-0.4834614149640446,0.9283416299068904,-0.2494807886399571
01_34,-0.2312962221629036,-0.4335147457731793,-0.3398064295831623,3.636237371545238,-0.4012452272941122,2.0684173939183355,-1.0771896549552529,-0.2494807886399571
12_05,-0.2312962221629036,-0.4335147457731793,-0.3398064295831623,-0.2750095491084633,-0.4012452272941122,-0.4834614149640446,0.9283416299068904,-0.2494807886399571
39_33,-0.2312962221629036,2.3067266102251884,-0.3398064295831623,-0.2750095491084633,-0.4012452272941122,-0.4834614149640446,0.9283416299068904,-0.2494807886399571
63_43,-0.2312962221629036,-0.4335147457731793,-0.3398064295831623,-0.2750095491084633,-0.4012452272941122,2.0684173939183355,-1.0771896549552529,-0.2494807886399571
41_01,-0.2312962221629036,-0.4335147457731793,2.9428519090315377,-0.2750095491084633,2.492241482207092,-0.4834614149640446,0.9283416299068904,-0.2494807886399571
34_41,-0.2312962221629036,-0.4335147457731793,-0.3398064295831623,-0.2750095491084633,-0.4012452272941122,-0.4834614149640446,-1.0771896549552529,-0.2494807886399571
71_40,-0.2312962221629036,-0.4335147457731793,-0.3398064295831623,-0.2750095491084633,-0.4012452272941122,2.0684173939183355,-1.0771896549552529,4.008324670815311
102_08,-0.2312962221629036,-0.4335147457731793,-0.3398064295831623,-0.2750095491084633,-0.4012452272941122,2.0684173939183355,0.9283416299068904,-0.2494807886399571
41_43,-0.2312962221629036,-0.4335147457731793,2.9428519090315377,-0.2750095491084633,2.492241482207092,-0.4834614149640446,0.9283416299068904,-0.2494807886399571
05_34,-0.2312962221629036,-0.4335147457731793,-0.3398064295831623,-0.2750095491084633,-0.4012452272941122,-0.4834614149640446,0.9283416299068904,-0.2494807886399571
54_42,-0.2312962221629036,-0.4335147457731793,-0.3398064295831623,-0.2750095491084633,-0.4012452272941122,-0.4834614149640446,-1.0771896549552529,-0.2494807886399571
101_27,-0.2312962221629036,-0.4335147457731793,-0.3398064295831623,-0.2750095491084633,-0.4012452272941122,-0.4834614149640446,-1.0771896549552529,-0.2494807886399571
73_05,-0.2312962221629036,-0.4335147457731793,-0.3398064295831623,-0.2750095491084633,-0.4012452272941122,-0.4834614149640446,0.9283416299068904,-0.2494807886399571
70_42,-0.2312962221629036,-0.4335147457731793,-0.3398064295831623,-0.2750095491084633,-0.4012452272941122,-0.4834614149640446,-1.0771896549552529,-0.2494807886399571
28_16,-0.2312962221629036,-0.4335147457731793,-0.3398064295831623,3.636237371545238,-0.4012452272941122,2.0684173939183355,-1.0771896549552529,-0.2494807886399571
40_47,-0.2312962221629036,-0.4335147457731793,2.9428519090315377,-0.2750095491084633,2.492241482207092,-0.4834614149640446,0.9283416299068904,-0.2494807886399571
01_40,-0.2312962221629036,-0.4335147457731793,-0.3398064295831623,3.636237371545238,-0.4012452272941122,2.0684173939183355,-1.0771896549552529,4.008324670815311
48_33,-0.2312962221629036,-0.4335147457731793,-0.3398064295831623,-0.2750095491084633,-0.4012452272941122,-0.4834614149640446,-1.0771896549552529,-0.2494807886399571
65_40,-0.2312962221629036,-0.4335147457731793,-0.3398064295831623,-0.2750095491084633,-0.4012452272941122,-0.4834614149640446,0.9283416299068904,4.008324670815311
13_05,-0.2312962221629036,-0.4335147457731793,-0.3398064295831623,-0.2750095491084633,-0.4012452272941122,-0.4834614149640446,0.9283416299068904,-0.2494807886399571
95_27,-0.2312962221629036,-0.4335147457731793,-0.3398064295831623,-0.2750095491084633,-0.4012452272941122,-0.4834614149640446,-1.0771896549552529,-0.2494807886399571
34_05,-0.2312962221629036,-0.4335147457731793,-0.3398064295831623,-0.2750095491084633,-0.4012452272941122,-0.4834614149640446,-1.0771896549552529,-0.2494807886399571
81_47,-0.2312962221629036,-0.4335147457731793,-0.3398064295831623,-0.2750095491084633,-0.4012452272941122,-0.4834614149640446,0.9283416299068904,-0.2494807886399571
30_06,-0.2312962221629036,-0.4335147457731793,-0.3398064295831623,-0.2750095491084633,2.492241482207092,-0.4834614149640446,-1.0771896549552529,-0.2494807886399571
30_43,-0.2312962221629036,-0.4335147457731793,-0.3398064295831623,-0.2750095491084633,2.492241482207092,-0.4834614149640446,-1.0771896549552529,-0.2494807886399571
79_24,-0.2312962221629036,-0.4335147457731793,-0.3398064295831623,-0.2750095491084633,-0.4012452272941122,-0.4834614149640446,0.9283416299068904,-0.2494807886399571
69_40,-0.2312962221629036,-0.4335147457731793,-0.3398064295831623,3.636237371545238,-0.4012452272941122,2.0684173939183355,-1.0771896549552529,4.008324670815311
67_41,-0.2312962221629036,2.3067266102251884,2.9428519090315377,-0.2750095491084633,2.492241482207092,-0.4834614149640446,0.9283416299068904,-0.2494807886399571
02_01,-0.2312962221629036,-0.4335147457731793,-0.3398064295831623,-0.2750095491084633,-0.4012452272941122,-0.4834614149640446,-1.0771896549552529,-0.2494807886399571
104_33,-0.2312962221629036,-0.4335147457731793,2.9428519090315377,-0.2750095491084633,2.492241482207092,-0.4834614149640446,0.9283416299068904,-0.2494807886399571
07_47,-0.2312962221629036,-0.4335147457731793,-0.3398064295831623,-0.2750095491084633,-0.4012452272941122,-0.4834614149640446,-1.0771896549552529,-0.2494807886399571
48_02,-0.2312962221629036,-0.4335147457731793,-0.3398064295831623,-0.2750095491084633,-0.4012452272941122,-0.4834614149640446,-1.0771896549552529,-0.2494807886399571
109_02,-0.2312962221629036,-0.4335147457731793,-0.3398064295831623,-0.2750095491084633,-0.4012452272941122,-0.4834614149640446,-1.0771896549552529,-0.2494807886399571
12_26,-0.2312962221629036,-0.4335147457731793,-0.3398064295831623,-0.2750095491084633,-0.4012452272941122,-0.4834614149640446,0.9283416299068904,-0.2494807886399571
70_47,-0.2312962221629036,-0.4335147457731793,-0.3398064295831623,-0.2750095491084633,-0.4012452272941122,-0.4834614149640446,-1.0771896549552529,-0.2494807886399571
35_27,-0.2312962221629036,-0.4335147457731793,-0.3398064295831623,-0.2750095491084633,-0.4012452272941122,-0.4834614149640446,-1.0771896549552529,-0.2494807886399571
69_26,-0.2312962221629036,-0.4335147457731793,-0.3398064295831623,3.636237371545238,-0.4012452272941122,2.0684173939183355,-1.0771896549552529,-0.2494807886399571
41_27,-0.2312962221629036,-0.4335147457731793,2.9428519090315377,-0.2750095491084633,2.492241482207092,-0.4834614149640446,0.9283416299068904,-0.2494807886399571
63_16,-0.2312962221629036,-0.4335147457731793,-0.3398064295831623,-0.2750095491084633,-0.4012452272941122,2.0684173939183355,-1.0771896549552529,-0.2494807886399571
11_40,4.323460152737352,2.3067266102251884,-0.3398064295831623,-0.2750095491084633,-0.4012452272941122,-0.4834614149640446,0.9283416299068904,4.008324670815311
04_02,-0.2312962221629036,2.3067266102251884,-0.3398064295831623,-0.2750095491084633,-0.4012452272941122,-0.4834614149640446,0.9283416299068904,-0.2494807886399571
31_33,-0.2312962221629036,-0.4335147457731793,-0.3398064295831623,-0.2750095491084633,-0.4012452272941122,-0.4834614149640446,-1.0771896549552529,-0.2494807886399571
39_41,-0.2312962221629036,2.3067266102251884,-0.3398064295831623,-0.2750095491084633,-0.4012452272941122,-0.4834614149640446,0.9283416299068904,-0.2494807886399571
49_34,-0.2312962221629036,-0.4335147457731793,-0.3398064295831623,-0.2750095491084633,2.492241482207092,-0.4834614149640446,0.9283416299068904,-0.2494807886399571
54_02,-0.2312962221629036,-0.4335147457731793,-0.3398064295831623,-0.2750095491084633,-0.4012452272941122,-0.4834614149640446,-1.0771896549552529,-0.2494807886399571
09_06,-0.2312962221629036,-0.4335147457731793,-0.3398064295831623,-0.2750095491084633,-0.4012452272941122,-0.4834614149640446,-1.0771896549552529,-0.2494807886399571
21_16,-0.2312962221629036,-0.4335147457731793,-0.3398064295831623,-0.2750095491084633,-0.4012452272941122,2.0684173939183355,-1.0771896549552529,-0.2494807886399571
11_41,4.323460152737352,2.3067266102251884,-0.3398064295831623,-0.2750095491084633,-0.4012452272941122,-0.4834614149640446,0.9283416299068904,-0.2494807886399571
65_24,-0.2312962221629036,-0.4335147457731793,-0.3398064295831623,-0.2750095491084633,-0.4012452272941122,-0.4834614149640446,0.9283416299068904,-0.2494807886399571
109_16,-0.2312962221629036,-0.4335147457731793,-0.3398064295831623,-0.2750095491084633,-0.4012452272941122,-0.4834614149640446,-1.0771896549552529,-0.2494807886399571
101_20,-0.2312962221629036,-0.4335147457731793,-0.3398064295831623,-0.2750095491084633,-0.4012452272941122,-0.4834614149640446,-1.0771896549552529,-0.2494807886399571
12_24,-0.2312962221629036,-0.4335147457731793,-0.3398064295831623,-0.2750095491084633,-0.4012452272941122,-0.4834614149640446,0.9283416299068904,-0.2494807886399571
39_05,-0.2312962221629036,2.3067266102251884,-0.3398064295831623,-0.2750095491084633,-0.4012452272941122,-0.4834614149640446,0.9283416299068904,-0.2494807886399571
03_43,-0.2312962221629036,-0.4335147457731793,-0.3398064295831623,-0.2750095491084633,-0.4012452272941122,-0.4834614149640446,0.9283416299068904,-0.2494807886399571
69_06,-0.2312962221629036,-0.4335147457731793,-0.3398064295831623,3.636237371545238,-0.4012452272941122,2.0684173939183355,-1.0771896549552529,-0.2494807886399571
70_41,-0.2312962221629036,-0.4335147457731793,-0.3398064295831623,-0.2750095491084633,-0.4012452272941122,-0.4834614149640446,-1.0771896549552529,-0.2494807886399571
102_43,-0.2312962221629036,-0.4335147457731793,-0.3398064295831623,-0.2750095491084633,-0.4012452272941122,2.0684173939183355,0.9283416299068904,-0.2494807886399571
76_01,-0.2312962221629036,2.3067266102251884,-0.3398064295831623,-0.2750095491084633,-0.4012452272941122,-0.4834614149640446,0.9283416299068904,-0.2494807886399571
21_33,-0.2312962221629036,-0.4335147457731793,-0.3398064295831623,-0.2750095491084633,-0.4012452272941122,2.0684173939183355,-1.0771896549552529,-0.2494807886399571
69_24,-0.2312962221629036,-0.4335147457731793,-0.3398064295831623,3.636237371545238,-0.4012452272941122,2.0684173939183355,-1.0771896549552529,-0.2494807886399571
63_27,-0.2312962221629036,-0.4335147457731793,-0.3398064295831623,-0.2750095491084633,-0.4012452272941122,2.0684173939183355,-1.0771896549552529,-0.2494807886399571
39_16,-0.2312962221629036,2.3067266102251884,-0.3398064295831623,-0.2750095491084633,-0.4012452272941122,-0.4834614149640446,0.9283416299068904,-0.2494807886399571
103_16,-0.2312962221629036,-0.4335147457731793,-0.3398064295831623,-0.2750095491084633,-0.4012452272941122,-0.4834614149640446,-1.0771896549552529,-0.2494807886399571
31_06,-0.2312962221629036,-0.4335147457731793,-0.3398064295831623,-0.2750095491084633,-0.4012452272941122,-0.4834614149640446,-1.0771896549552529,-0.2494807886399571
94_42,-0.2312962221629036,-0.4335147457731793,-0.3398064295831623,-0.2750095491084633,2.492241482207092,-0.4834614149640446,0.9283416299068904,-0.2494807886399571
21_47,-0.2312962221629036,-0.4335147457731793,-0.3398064295831623,-0.2750095491084633,-0.4012452272941122,2.0684173939183355,-1.0771896549552529,-0.2494807886399571
02_47,-0.2312962221629036,-0.4335147457731793,-0.3398064295831623,-0.2750095491084633,-0.4012452272941122,-0.4834614149640446,-1.0771896549552529,-0.2494807886399571
39_47,-0.2312962221629036,2.3067266102251884,-0.3398064295831623,-0.2750095491084633,-0.4012452272941122,-0.4834614149640446,0.9283416299068904,-0.2494807886399571
33_02,-0.2312962221629036,-0.4335147457731793,-0.3398064295831623,-0.2750095491084633,-0.4012452272941122,-0.4834614149640446,-1.0771896549552529,-0.2494807886399571
03_05,-0.2312962221629036,-0.4335147457731793,-0.3398064295831623,-0.2750095491084633,-0.4012452272941122,-0.4834614149640446,0.9283416299068904,-0.2494807886399571
31_24,-0.2312962221629036,-0.4335147457731793,-0.3398064295831623,-0.2750095491084633,-0.4012452272941122,-0.4834614149640446,-1.0771896549552529,-0.2494807886399571
30_08,-0.2312962221629036,-0.4335147457731793,-0.3398064295831623,-0.2750095491084633,2.492241482207092,-0.4834614149640446,-1.0771896549552529,-0.2494807886399571
29_01,-0.2312962221629036,-0.4335147457731793,-0.3398064295831623,-0.2750095491084633,-0.4012452272941122,-0.4834614149640446,-1.0771896549552529,-0.2494807886399571
81_06,-0.2312962221629036,-0.4335147457731793,-0.3398064295831623,-0.2750095491084633,-0.4012452272941122,-0.4834614149640446,0.9283416299068904,-0.2494807886399571
02_40,-0.2312962221629036,-0.4335147457731793,-0.3398064295831623,-0.2750095491084633,-0.4012452272941122,-0.4834614149640446,-1.0771896549552529,4.008324670815311
44_26,-0.2312962221629036,-0.4335147457731793,2.9428519090315377,-0.2750095491084633,-0.4012452272941122,-0.4834614149640446,-1.0771896549552529,-0.2494807886399571
65_02,-0.2312962221629036,-0.4335147457731793,-0.3398064295831623,-0.2750095491084633,-0.4012452272941122,-0.4834614149640446,0.9283416299068904,-0.2494807886399571
106_24,-0.2312962221629036,-0.4335147457731793,-0.3398064295831623,-0.2750095491084633,-0.4012452272941122,-0.4834614149640446,0.9283416299068904,-0.2494807886399571
03_27,-0.2312962221629036,-0.4335147457731793,-0.3398064295831623,-0.2750095491084633,-0.4012452272941122,-0.4834614149640446,0.9283416299068904,-0.2494807886399571
71_33,-0.2312962221629036,-0.4335147457731793,-0.3398064295831623,-0.2750095491084633,-0.4012452272941122,2.0684173939183355,-1.0771896549552529,-0.2494807886399571
21_41,-0.2312962221629036,-0.4335147457731793,-0.3398064295831623,-0.2750095491084633,-0.4012452272941122,2.0684173939183355,-1.0771896549552529,-0.2494807886399571
49_47,-0.2312962221629036,-0.4335147457731793,-0.3398064295831623,-0.2750095491084633,2.492241482207092,-0.4834614149640446,0.9283416299068904,-0.2494807886399571
94_34,-0.2312962221629036,-0.4335147457731793,-0.3398064295831623,-0.2750095491084633,2.492241482207092,-0.4834614149640446,0.9283416299068904,-0.2494807886399571
48_24,-0.2312962221629036,-0.4335147457731793,-0.3398064295831623,-0.2750095491084633,-0.4012452272941122,-0.4834614149640446,-1.0771896549552529,-0.2494807886399571
81_24,-0.2312962221629036,-0.4335147457731793,-0.3398064295831623,-0.2750095491084633,-0.4012452272941122,-0.4834614149640446,0.9283416299068904,-0.2494807886399571
95_34,-0.2312962221629036,-0.4335147457731793,-0.3398064295831623,-0.2750095491084633,-0.4012452272941122,-0.4834614149640446,-1.0771896549552529,-0.2494807886399571
12_02,-0.2312962221629036,-0.4335147457731793,-0.3398064295831623,-0.2750095491084633,-0.4012452272941122,-0.4834614149640446,0.9283416299068904,-0.2494807886399571
75_03,-0.2312962221629036,-0.4335147457731793,-0.3398064295831623,-0.2750095491084633,-0.4012452272941122,-0.4834614149640446,0.9283416299068904,-0.2494807886399571
72_03,-0.2312962221629036,-0.4335147457731793,-0.3398064295831623,-0.2750095491084633,-0.4012452272941122,-0.4834614149640446,-1.0771896549552529,-0.2494807886399571
94_20,-0.2312962221629036,-0.4335147457731793,-0.3398064295831623,-0.2750095491084633,2.492241482207092,-0.4834614149640446,0.9283416299068904,-0.2494807886399571
07_02,-0.2312962221629036,-0.4335147457731793,-0.3398064295831623,-0.2750095491084633,-0.4012452272941122,-0.4834614149640446,-1.0771896549552529,-0.2494807886399571
95_06,-0.2312962221629036,-0.4335147457731793,-0.3398064295831623,-0.2750095491084633,-0.4012452272941122,-0.4834614149640446,-1.0771896549552529,-0.2494807886399571
29_03,-0.2312962221629036,-0.4335147457731793,-0.3398064295831623,-0.2750095491084633,-0.4012452272941122,-0.4834614149640446,-1.0771896549552529,-0.2494807886399571
102_02,-0.2312962221629036,-0.4335147457731793,-0.3398064295831623,-0.2750095491084633,-0.4012452272941122,2.0684173939183355,0.9283416299068904,-0.2494807886399571
78_20,-0.2312962221629036,2.3067266102251884,-0.3398064295831623,-0.2750095491084633,-0.4012452272941122,-0.4834614149640446,0.9283416299068904,-0.2494807886399571
38_43,-0.2312962221629036,2.3067266102251884,-0.3398064295831623,-0.2750095491084633,-0.4012452272941122,-0.4834614149640446,0.9283416299068904,-0.2494807886399571
109_43,-0.2312962221629036,-0.4335147457731793,-0.3398064295831623,-0.2750095491084633,-0.4012452272941122,-0.4834614149640446,-1.0771896549552529,-0.2494807886399571
79_26,-0.2312962221629036,-0.4335147457731793,-0.3398064295831623,-0.2750095491084633,-0.4012452272941122,-0.4834614149640446,0.9283416299068904,-0.2494807886399571
42_01,4.323460152737352,-0.4335147457731793,-0.3398064295831623,-0.2750095491084633,-0.4012452272941122,-0.4834614149640446,0.9283416299068904,-0.2494807886399571
38_06,-0.2312962221629036,2.3067266102251884,-0.3398064295831623,-0.2750095491084633,-0.4012452272941122,-0.4834614149640446,0.9283416299068904,-0.2494807886399571
07_33,-0.2312962221629036,-0.4335147457731793,-0.3398064295831623,-0.2750095491084633,-0.4012452272941122,-0.4834614149640446,-1.0771896549552529,-0.2494807886399571
70_40,-0.2312962221629036,-0.4335147457731793,-0.3398064295831623,-0.2750095491084633,-0.4012452272941122,-0.4834614149640446,-1.0771896549552529,4.008324670815311
65_01,-0.2312962221629036,-0.4335147457731793,-0.3398064295831623,-0.2750095491084633,-0.4012452272941122,-0.4834614149640446,0.9283416299068904,-0.2494807886399571
42_47,4.323460152737352,-0.4335147457731793,-0.3398064295831623,-0.2750095491084633,-0.4012452272941122,-0.4834614149640446,0.9283416299068904,-0.2494807886399571
33_47,-0.2312962221629036,-0.4335147457731793,-0.3398064295831623,-0.2750095491084633,-0.4012452272941122,-0.4834614149640446,-1.0771896549552529,-0.2494807886399571
78_33,-0.2312962221629036,2.3067266102251884,-0.3398064295831623,-0.2750095491084633,-0.4012452272941122,-0.4834614149640446,0.9283416299068904,-0.2494807886399571
95_43,-0.2312962221629036,-0.4335147457731793,-0.3398064295831623,-0.2750095491084633,-0.4012452272941122,-0.4834614149640446,-1.0771896549552529,-0.2494807886399571
21_20,-0.2312962221629036,-0.4335147457731793,-0.3398064295831623,-0.2750095491084633,-0.4012452272941122,2.0684173939183355,-1.0771896549552529,-0.2494807886399571
76_05,-0.2312962221629036,2.3067266102251884,-0.3398064295831623,-0.2750095491084633,-0.4012452272941122,-0.4834614149640446,0.9283416299068904,-0.2494807886399571
67_24,-0.2312962221629036,2.3067266102251884,2.9428519090315377,-0.2750095491084633,2.492241482207092,-0.4834614149640446,0.9283416299068904,-0.2494807886399571
01_27,-0.2312962221629036,-0.4335147457731793,-0.3398064295831623,3.636237371545238,-0.4012452272941122,2.0684173939183355,-1.0771896549552529,-0.2494807886399571
102_20,-0.2312962221629036,-0.4335147457731793,-0.3398064295831623,-0.2750095491084633,-0.4012452272941122,2.0684173939183355,0.9283416299068904,-0.2494807886399571
37_08,-0.2312962221629036,-0.4335147457731793,-0.3398064295831623,-0.2750095491084633,-0.4012452272941122,-0.4834614149640446,0.9283416299068904,-0.2494807886399571
41_33,-0.2312962221629036,-0.4335147457731793,2.9428519090315377,-0.2750095491084633,2.492241482207092,-0.4834614149640446,0.9283416299068904,-0.2494807886399571
69_16,-0.2312962221629036,-0.4335147457731793,-0.3398064295831623,3.636237371545238,-0.4012452272941122,2.0684173939183355,-1.0771896549552529,-0.2494807886399571
54_41,-0.2312962221629036,-0.4335147457731793,-0.3398064295831623,-0.2750095491084633,-0.4012452272941122,-0.4834614149640446,-1.0771896549552529,-0.2494807886399571
33_24,-0.2312962221629036,-0.4335147457731793,-0.3398064295831623,-0.2750095491084633,-0.4012452272941122,-0.4834614149640446,-1.0771896549552529,-0.2494807886399571
71_47,-0.2312962221629036,-0.4335147457731793,-0.3398064295831623,-0.2750095491084633,-0.4012452272941122,2.0684173939183355,-1.0771896549552529,-0.2494807886399571
106_16,-0.2312962221629036,-0.4335147457731793,-0.3398064295831623,-0.2750095491084633,-0.4012452272941122,-0.4834614149640446,0.9283416299068904,-0.2494807886399571
07_16,-0.2312962221629036,-0.4335147457731793,-0.3398064295831623,-0.2750095491084633,-0.4012452272941122,-0.4834614149640446,-1.0771896549552529,-0.2494807886399571
76_43,-0.2312962221629036,2.3067266102251884,-0.3398064295831623,-0.2750095491084633,-0.4012452272941122,-0.4834614149640446,0.9283416299068904,-0.2494807886399571
103_27,-0.2312962221629036,-0.4335147457731793,-0.3398064295831623,-0.2750095491084633,-0.4012452272941122,-0.4834614149640446,-1.0771896549552529,-0.2494807886399571
03_20,-0.2312962221629036,-0.4335147457731793,-0.3398064295831623,-0.2750095491084633,-0.4012452272941122,-0.4834614149640446,0.9283416299068904,-0.2494807886399571
44_20,-0.2312962221629036,-0.4335147457731793,2.9428519090315377,-0.2750095491084633,-0.4012452272941122,-0.4834614149640446,-1.0771896549552529,-0.2494807886399571
39_20,-0.2312962221629036,2.3067266102251884,-0.3398064295831623,-0.2750095491084633,-0.4012452272941122,-0.4834614149640446,0.9283416299068904,-0.2494807886399571
72_42,-0.2312962221629036,-0.4335147457731793,-0.3398064295831623,-0.2750095491084633,-0.4012452272941122,-0.4834614149640446,-1.0771896549552529,-0.2494807886399571
72_40,-0.2312962221629036,-0.4335147457731793,-0.3398064295831623,-0.2750095491084633,-0.4012452272941122,-0.4834614149640446,-1.0771896549552529,4.008324670815311
102_40,-0.2312962221629036,-0.4335147457731793,-0.3398064295831623,-0.2750095491084633,-0.4012452272941122,2.0684173939183355,0.9283416299068904,4.008324670815311
02_26,-0.2312962221629036,-0.4335147457731793,-0.3398064295831623,-0.2750095491084633,-0.4012452272941122,-0.4834614149640446,-1.0771896549552529,-0.2494807886399571
103_42,-0.2312962221629036,-0.4335147457731793,-0.3398064295831623,-0.2750095491084633,-0.4012452272941122,-0.4834614149640446,-1.0771896549552529,-0.2494807886399571
28_05,-0.2312962221629036,-0.4335147457731793,-0.3398064295831623,3.636237371545238,-0.4012452272941122,2.0684173939183355,-1.0771896549552529,-0.2494807886399571
09_01,-0.2312962221629036,-0.4335147457731793,-0.3398064295831623,-0.2750095491084633,-0.4012452272941122,-0.4834614149640446,-1.0771896549552529,-0.2494807886399571
63_20,-0.2312962221629036,-0.4335147457731793,-0.3398064295831623,-0.2750095491084633,-0.4012452272941122,2.0684173939183355,-1.0771896549552529,-0.2494807886399571
05_20,-0.2312962221629036,-0.4335147457731793,-0.3398064295831623,-0.2750095491084633,-0.4012452272941122,-0.4834614149640446,0.9283416299068904,-0.2494807886399571
109_24,-0.2312962221629036,-0.4335147457731793,-0.3398064295831623,-0.2750095491084633,-0.4012452272941122,-0.4834614149640446,-1.0771896549552529,-0.2494807886399571
21_05,-0.2312962221629036,-0.4335147457731793,-0.3398064295831623,-0.2750095491084633,-0.4012452272941122,2.0684173939183355,-1.0771896549552529,-0.2494807886399571
78_42,-0.2312962221629036,2.3067266102251884,-0.3398064295831623,-0.2750095491084633,-0.4012452272941122,-0.4834614149640446,0.9283416299068904,-0.2494807886399571
66_34,-0.2312962221629036,2.3067266102251884,-0.3398064295831623,-0.2750095491084633,-0.4012452272941122,-0.4834614149640446,0.9283416299068904,-0.2494807886399571
95_20,-0.2312962221629036,-0.4335147457731793,-0.3398064295831623,-0.2750095491084633,-0.4012452272941122,-0.4834614149640446,-1.0771896549552529,-0.2494807886399571
30_27,-0.2312962221629036,-0.4335147457731793,-0.3398064295831623,-0.2750095491084633,2.492241482207092,-0.4834614149640446,-1.0771896549552529,-0.2494807886399571
79_34,-0.2312962221629036,-0.4335147457731793,-0.3398064295831623,-0.2750095491084633,-0.4012452272941122,-0.4834614149640446,0.9283416299068904,-0.2494807886399571
106_06,-0.2312962221629036,-0.4335147457731793,-0.3398064295831623,-0.2750095491084633,-0.4012452272941122,-0.4834614149640446,0.9283416299068904,-0.2494807886399571
74_41,-0.2312962221629036,-0.4335147457731793,-0.3398064295831623,-0.2750095491084633,-0.4012452272941122,2.0684173939183355,0.9283416299068904,-0.2494807886399571
05_41,-0.2312962221629036,-0.4335147457731793,-0.3398064295831623,-0.2750095491084633,-0.4012452272941122,-0.4834614149640446,0.9283416299068904,-0.2494807886399571
31_03,-0.2312962221629036,-0.4335147457731793,-0.3398064295831623,-0.2750095491084633,-0.4012452272941122,-0.4834614149640446,-1.0771896549552529,-0.2494807886399571
72_05,-0.2312962221629036,-0.4335147457731793,-0.3398064295831623,-0.2750095491084633,-0.4012452272941122,-0.4834614149640446,-1.0771896549552529,-0.2494807886399571
34_02,-0.2312962221629036,-0.4335147457731793,-0.3398064295831623,-0.2750095491084633,-0.4012452272941122,-0.4834614149640446,-1.0771896549552529,-0.2494807886399571
68_01,-0.2312962221629036,-0.4335147457731793,-0.3398064295831623,-0.2750095491084633,-0.4012452272941122,-0.4834614149640446,0.9283416299068904,-0.2494807886399571
42_43,4.323460152737352,-0.4335147457731793,-0.3398064295831623,-0.2750095491084633,-0.4012452272941122,-0.4834614149640446,0.9283416299068904,-0.2494807886399571
44_16,-0.2312962221629036,-0.4335147457731793,2.9428519090315377,-0.2750095491084633,-0.4012452272941122,-0.4834614149640446,-1.0771896549552529,-0.2494807886399571
37_02,-0.2312962221629036,-0.4335147457731793,-0.3398064295831623,-0.2750095491084633,-0.4012452272941122,-0.4834614149640446,0.9283416299068904,-0.2494807886399571
68_08,-0.2312962221629036,-0.4335147457731793,-0.3398064295831623,-0.2750095491084633,-0.4012452272941122,-0.4834614149640446,0.9283416299068904,-0.2494807886399571
35_06,-0.2312962221629036,-0.4335147457731793,-0.3398064295831623,-0.2750095491084633,-0.4012452272941122,-0.4834614149640446,-1.0771896549552529,-0.2494807886399571
37_01,-0.2312962221629036,-0.4335147457731793,-0.3398064295831623,-0.2750095491084633,-0.4012452272941122,-0.4834614149640446,0.9283416299068904,-0.2494807886399571
109_01,-0.2312962221629036,-0.4335147457731793,-0.3398064295831623,-0.2750095491084633,-0.4012452272941122,-0.4834614149640446,-1.0771896549552529,-0.2494807886399571
101_34,-0.2312962221629036,-0.4335147457731793,-0.3398064295831623,-0.2750095491084633,-0.4012452272941122,-0.4834614149640446,-1.0771896549552529,-0.2494807886399571
69_08,-0.2312962221629036,-0.4335147457731793,-0.3398064295831623,3.636237371545238,-0.4012452272941122,2.0684173939183355,-1.0771896549552529,-0.2494807886399571
74_42,-0.2312962221629036,-0.4335147457731793,-0.3398064295831623,-0.2750095491084633,-0.4012452272941122,2.0684173939183355,0.9283416299068904,-0.2494807886399571
05_42,-0.2312962221629036,-0.4335147457731793,-0.3398064295831623,-0.2750095491084633,-0.4012452272941122,-0.4834614149640446,0.9283416299068904,-0.2494807886399571
81_40,-0.2312962221629036,-0.4335147457731793,-0.3398064295831623,-0.2750095491084633,-0.4012452272941122,-0.4834614149640446,0.9283416299068904,4.008324670815311
73_41,-0.2312962221629036,-0.4335147457731793,-0.3398064295831623,-0.2750095491084633,-0.4012452272941122,-0.4834614149640446,0.9283416299068904,-0.2494807886399571
74_43,-0.2312962221629036,-0.4335147457731793,-0.3398064295831623,-0.2750095491084633,-0.4012452272941122,2.0684173939183355,0.9283416299068904,-0.2494807886399571
67_02,-0.2312962221629036,2.3067266102251884,2.9428519090315377,-0.2750095491084633,2.492241482207092,-0.4834614149640446,0.9283416299068904,-0.2494807886399571
03_34,-0.2312962221629036,-0.4335147457731793,-0.3398064295831623,-0.2750095491084633,-0.4012452272941122,-0.4834614149640446,0.9283416299068904,-0.2494807886399571
80_02,-0.2312962221629036,-0.4335147457731793,-0.3398064295831623,-0.2750095491084633,-0.4012452272941122,2.0684173939183355,0.9283416299068904,-0.2494807886399571
35_24,-0.2312962221629036,-0.4335147457731793,-0.3398064295831623,-0.2750095491084633,-0.4012452272941122,-0.4834614149640446,-1.0771896549552529,-0.2494807886399571
103_24,-0.2312962221629036,-0.4335147457731793,-0.3398064295831623,-0.2750095491084633,-0.4012452272941122,-0.4834614149640446,-1.0771896549552529,-0.2494807886399571
31_41,-0.2312962221629036,-0.4335147457731793,-0.3398064295831623,-0.2750095491084633,-0.4012452272941122,-0.4834614149640446,-1.0771896549552529,-0.2494807886399571
94_40,-0.2312962221629036,-0.4335147457731793,-0.3398064295831623,-0.2750095491084633,2.492241482207092,-0.4834614149640446,0.9283416299068904,4.008324670815311
29_08,-0.2312962221629036,-0.4335147457731793,-0.3398064295831623,-0.2750095491084633,-0.4012452272941122,-0.4834614149640446,-1.0771896549552529,-0.2494807886399571
76_08,-0.2312962221629036,2.3067266102251884,-0.3398064295831623,-0.2750095491084633,-0.4012452272941122,-0.4834614149640446,0.9283416299068904,-0.2494807886399571
103_34,-0.2312962221629036,-0.4335147457731793,-0.3398064295831623,-0.2750095491084633,-0.4012452272941122,-0.4834614149640446,-1.0771896549552529,-0.2494807886399571
40_27,-0.2312962221629036,-0.4335147457731793,2.9428519090315377,-0.2750095491084633,2.492241482207092,-0.4834614149640446,0.9283416299068904,-0.2494807886399571
39_43,-0.2312962221629036,2.3067266102251884,-0.3398064295831623,-0.2750095491084633,-0.4012452272941122,-0.4834614149640446,0.9283416299068904,-0.2494807886399571
28_47,-0.2312962221629036,-0.4335147457731793,-0.3398064295831623,3.636237371545238,-0.4012452272941122,2.0684173939183355,-1.0771896549552529,-0.2494807886399571
30_16,-0.2312962221629036,-0.4335147457731793,-0.3398064295831623,-0.2750095491084633,2.492241482207092,-0.4834614149640446,-1.0771896549552529,-0.2494807886399571
95_16,-0.2312962221629036,-0.4335147457731793,-0.3398064295831623,-0.2750095491084633,-0.4012452272941122,-0.4834614149640446,-1.0771896549552529,-0.2494807886399571
73_03,-0.2312962221629036,-0.4335147457731793,-0.3398064295831623,-0.2750095491084633,-0.4012452272941122,-0.4834614149640446,0.9283416299068904,-0.2494807886399571
38_47,-0.2312962221629036,2.3067266102251884,-0.3398064295831623,-0.2750095491084633,-0.4012452272941122,-0.4834614149640446,0.9283416299068904,-0.2494807886399571
71_08,-0.2312962221629036,-0.4335147457731793,-0.3398064295831623,-0.2750095491084633,-0.4012452272941122,2.0684173939183355,-1.0771896549552529,-0.2494807886399571
30_42,-0.2312962221629036,-0.4335147457731793,-0.3398064295831623,-0.2750095491084633,2.492241482207092,-0.4834614149640446,-1.0771896549552529,-0.2494807886399571
14_20,4.323460152737352,2.3067266102251884,2.9428519090315377,-0.2750095491084633,2.492241482207092,-0.4834614149640446,0.9283416299068904,-0.2494807886399571
106_02,-0.2312962221629036,-0.4335147457731793,-0.3398064295831623,-0.2750095491084633,-0.4012452272941122,-0.4834614149640446,0.9283416299068904,-0.2494807886399571
34_27,-0.2312962221629036,-0.4335147457731793,-0.3398064295831623,-0.2750095491084633,-0.4012452272941122,-0.4834614149640446,-1.0771896549552529,-0.2494807886399571
69_47,-0.2312962221629036,-0.4335147457731793,-0.3398064295831623,3.636237371545238,-0.4012452272941122,2.0684173939183355,-1.0771896549552529,-0.2494807886399571
30_40,-0.2312962221629036,-0.4335147457731793,-0.3398064295831623,-0.2750095491084633,2.492241482207092,-0.4834614149640446,-1.0771896549552529,4.008324670815311
63_03,-0.2312962221629036,-0.4335147457731793,-0.3398064295831623,-0.2750095491084633,-0.4012452272941122,2.0684173939183355,-1.0771896549552529,-0.2494807886399571
81_02,-0.2312962221629036,-0.4335147457731793,-0.3398064295831623,-0.2750095491084633,-0.4012452272941122,-0.4834614149640446,0.9283416299068904,-0.2494807886399571
30_01,-0.2312962221629036,-0.4335147457731793,-0.3398064295831623,-0.2750095491084633,2.492241482207092,-0.4834614149640446,-1.0771896549552529,-0.2494807886399571
64_16,-0.2312962221629036,-0.4335147457731793,-0.3398064295831623,3.636237371545238,-0.4012452272941122,2.0684173939183355,0.9283416299068904,-0.2494807886399571
69_33,-0.2312962221629036,-0.4335147457731793,-0.3398064295831623,3.636237371545238,-0.4012452272941122,2.0684173939183355,-1.0771896549552529,-0.2494807886399571
54_20,-0.2312962221629036,-0.4335147457731793,-0.3398064295831623,-0.2750095491084633,-0.4012452272941122,-0.4834614149640446,-1.0771896549552529,-0.2494807886399571
30_34,-0.2312962221629036,-0.4335147457731793,-0.3398064295831623,-0.2750095491084633,2.492241482207092,-0.4834614149640446,-1.0771896549552529,-0.2494807886399571
49_05,-0.2312962221629036,-0.4335147457731793,-0.3398064295831623,-0.2750095491084633,2.492241482207092,-0.4834614149640446,0.9283416299068904,-0.2494807886399571
67_05,-0.2312962221629036,2.3067266102251884,2.9428519090315377,-0.2750095491084633,2.492241482207092,-0.4834614149640446,0.9283416299068904,-0.2494807886399571
107_01,-0.2312962221629036,-0.4335147457731793,-0.3398064295831623,-0.2750095491084633,-0.4012452272941122,-0.4834614149640446,-1.0771896549552529,-0.2494807886399571
63_08,-0.2312962221629036,-0.4335147457731793,-0.3398064295831623,-0.2750095491084633,-0.4012452272941122,2.0684173939183355,-1.0771896549552529,-0.2494807886399571
03_26,-0.2312962221629036,-0.4335147457731793,-0.3398064295831623,-0.2750095491084633,-0.4012452272941122,-0.4834614149640446,0.9283416299068904,-0.2494807886399571
75_27,-0.2312962221629036,-0.4335147457731793,-0.3398064295831623,-0.2750095491084633,-0.4012452272941122,-0.4834614149640446,0.9283416299068904,-0.2494807886399571
105_05,-0.2312962221629036,-0.4335147457731793,2.9428519090315377,-0.2750095491084633,2.492241482207092,-0.4834614149640446,0.9283416299068904,-0.2494807886399571
44_27,-0.2312962221629036,-0.4335147457731793,2.9428519090315377,-0.2750095491084633,-0.4012452272941122,-0.4834614149640446,-1.0771896549552529,-0.2494807886399571
28_08,-0.2312962221629036,-0.4335147457731793,-0.3398064295831623,3.636237371545238,-0.4012452272941122,2.0684173939183355,-1.0771896549552529,-0.2494807886399571
72_16,-0.2312962221629036,-0.4335147457731793,-0.3398064295831623,-0.2750095491084633,-0.4012452272941122,-0.4834614149640446,-1.0771896549552529,-0.2494807886399571
75_41,-0.2312962221629036,-0.4335147457731793,-0.3398064295831623,-0.2750095491084633,-0.4012452272941122,-0.4834614149640446,0.9283416299068904,-0.2494807886399571
35_42,-0.2312962221629036,-0.4335147457731793,-0.3398064295831623,-0.2750095491084633,-0.4012452272941122,-0.4834614149640446,-1.0771896549552529,-0.2494807886399571
73_06,-0.2312962221629036,-0.4335147457731793,-0.3398064295831623,-0.2750095491084633,-0.4012452272941122,-0.4834614149640446,0.9283416299068904,-0.2494807886399571
76_06,-0.2312962221629036,2.3067266102251884,-0.3398064295831623,-0.2750095491084633,-0.4012452272941122,-0.4834614149640446,0.9283416299068904,-0.2494807886399571
44_03,-0.2312962221629036,-0.4335147457731793,2.9428519090315377,-0.2750095491084633,-0.4012452272941122,-0.4834614149640446,-1.0771896549552529,-0.2494807886399571
108_03,-0.2312962221629036,-0.4335147457731793,-0.3398064295831623,-0.2750095491084633,-0.4012452272941122,2.0684173939183355,-1.0771896549552529,-0.2494807886399571
77_16,-0.2312962221629036,2.3067266102251884,-0.3398064295831623,-0.2750095491084633,-0.4012452272941122,2.0684173939183355,0.9283416299068904,-0.2494807886399571
94_03,-0.2312962221629036,-0.4335147457731793,-0.3398064295831623,-0.2750095491084633,2.492241482207092,-0.4834614149640446,0.9283416299068904,-0.2494807886399571
48_26,-0.2312962221629036,-0.4335147457731793,-0.3398064295831623,-0.2750095491084633,-0.4012452272941122,-0.4834614149640446,-1.0771896549552529,-0.2494807886399571
54_03,-0.2312962221629036,-0.4335147457731793,-0.3398064295831623,-0.2750095491084633,-0.4012452272941122,-0.4834614149640446,-1.0771896549552529,-0.2494807886399571
34_47,-0.2312962221629036,-0.4335147457731793,-0.3398064295831623,-0.2750095491084633,-0.4012452272941122,-0.4834614149640446,-1.0771896549552529,-0.2494807886399571
105_16,-0.2312962221629036,-0.4335147457731793,2.9428519090315377,-0.2750095491084633,2.492241482207092,-0.4834614149640446,0.9283416299068904,-0.2494807886399571
49_08,-0.2312962221629036,-0.4335147457731793,-0.3398064295831623,-0.2750095491084633,2.492241482207092,-0.4834614149640446,0.9283416299068904,-0.2494807886399571
107_40,-0.2312962221629036,-0.4335147457731793,-0.3398064295831623,-0.2750095491084633,-0.4012452272941122,-0.4834614149640446,-1.0771896549552529,4.008324670815311
28_03,-0.2312962221629036,-0.4335147457731793,-0.3398064295831623,3.636237371545238,-0.4012452272941122,2.0684173939183355,-1.0771896549552529,-0.2494807886399571
67_16,-0.2312962221629036,2.3067266102251884,2.9428519090315377,-0.2750095491084633,2.492241482207092,-0.4834614149640446,0.9283416299068904,-0.2494807886399571
48_34,-0.2312962221629036,-0.4335147457731793,-0.3398064295831623,-0.2750095491084633,-0.4012452272941122,-0.4834614149640446,-1.0771896549552529,-0.2494807886399571
94_16,-0.2312962221629036,-0.4335147457731793,-0.3398064295831623,-0.2750095491084633,2.492241482207092,-0.4834614149640446,0.9283416299068904,-0.2494807886399571
33_01,-0.2312962221629036,-0.4335147457731793,-0.3398064295831623,-0.2750095491084633,-0.4012452272941122,-0.4834614149640446,-1.0771896549552529,-0.2494807886399571
14_42,4.323460152737352,2.3067266102251884,2.9428519090315377,-0.2750095491084633,2.492241482207092,-0.4834614149640446,0.9283416299068904,-0.2494807886399571
44_08,-0.2312962221629036,-0.4335147457731793,2.9428519090315377,-0.2750095491084633,-0.4012452272941122,-0.4834614149640446,-1.0771896549552529,-0.2494807886399571
80_40,-0.2312962221629036,-0.4335147457731793,-0.3398064295831623,-0.2750095491084633,-0.4012452272941122,2.0684173939183355,0.9283416299068904,4.008324670815311
28_02,-0.2312962221629036,-0.4335147457731793,-0.3398064295831623,3.636237371545238,-0.4012452272941122,2.0684173939183355,-1.0771896549552529,-0.2494807886399571
13_33,-0.2312962221629036,-0.4335147457731793,-0.3398064295831623,-0.2750095491084633,-0.4012452272941122,-0.4834614149640446,0.9283416299068904,-0.2494807886399571
107_06,-0.2312962221629036,-0.4335147457731793,-0.3398064295831623,-0.2750095491084633,-0.4012452272941122,-0.4834614149640446,-1.0771896549552529,-0.2494807886399571
44_42,-0.2312962221629036,-0.4335147457731793,2.9428519090315377,-0.2750095491084633,-0.4012452272941122,-0.4834614149640446,-1.0771896549552529,-0.2494807886399571
28_01,-0.2312962221629036,-0.4335147457731793,-0.3398064295831623,3.636237371545238,-0.4012452272941122,2.0684173939183355,-1.0771896549552529,-0.2494807886399571
64_26,-0.2312962221629036,-0.4335147457731793,-0.3398064295831623,3.636237371545238,-0.4012452272941122,2.0684173939183355,0.9283416299068904,-0.2494807886399571
04_16,-0.2312962221629036,2.3067266102251884,-0.3398064295831623,-0.2750095491084633,-0.4012452272941122,-0.4834614149640446,0.9283416299068904,-0.2494807886399571
11_03,4.323460152737352,2.3067266102251884,-0.3398064295831623,-0.2750095491084633,-0.4012452272941122,-0.4834614149640446,0.9283416299068904,-0.2494807886399571
21_08,-0.2312962221629036,-0.4335147457731793,-0.3398064295831623,-0.2750095491084633,-0.4012452272941122,2.0684173939183355,-1.0771896549552529,-0.2494807886399571
79_20,-0.2312962221629036,-0.4335147457731793,-0.3398064295831623,-0.2750095491084633,-0.4012452272941122,-0.4834614149640446,0.9283416299068904,-0.2494807886399571
07_20,-0.2312962221629036,-0.4335147457731793,-0.3398064295831623,-0.2750095491084633,-0.4012452272941122,-0.4834614149640446,-1.0771896549552529,-0.2494807886399571
70_06,-0.2312962221629036,-0.4335147457731793,-0.3398064295831623,-0.2750095491084633,-0.4012452272941122,-0.4834614149640446,-1.0771896549552529,-0.2494807886399571
66_20,-0.2312962221629036,2.3067266102251884,-0.3398064295831623,-0.2750095491084633,-0.4012452272941122,-0.4834614149640446,0.9283416299068904,-0.2494807886399571
80_03,-0.2312962221629036,-0.4335147457731793,-0.3398064295831623,-0.2750095491084633,-0.4012452272941122,2.0684173939183355,0.9283416299068904,-0.2494807886399571
68_05,-0.2312962221629036,-0.4335147457731793,-0.3398064295831623,-0.2750095491084633,-0.4012452272941122,-0.4834614149640446,0.9283416299068904,-0.2494807886399571
81_20,-0.2312962221629036,-0.4335147457731793,-0.3398064295831623,-0.2750095491084633,-0.4012452272941122,-0.4834614149640446,0.9283416299068904,-0.2494807886399571
76_34,-0.2312962221629036,2.3067266102251884,-0.3398064295831623,-0.2750095491084633,-0.4012452272941122,-0.4834614149640446,0.9283416299068904,-0.2494807886399571
71_26,-0.2312962221629036,-0.4335147457731793,-0.3398064295831623,-0.2750095491084633,-0.4012452272941122,2.0684173939183355,-1.0771896549552529,-0.2494807886399571
66_24,-0.2312962221629036,2.3067266102251884,-0.3398064295831623,-0.2750095491084633,-0.4012452272941122,-0.4834614149640446,0.9283416299068904,-0.2494807886399571
81_05,-0.2312962221629036,-0.4335147457731793,-0.3398064295831623,-0.2750095491084633,-0.4012452272941122,-0.4834614149640446,0.9283416299068904,-0.2494807886399571
01_03,-0.2312962221629036,-0.4335147457731793,-0.3398064295831623,3.636237371545238,-0.4012452272941122,2.0684173939183355,-1.0771896549552529,-0.2494807886399571
42_26,4.323460152737352,-0.4335147457731793,-0.3398064295831623,-0.2750095491084633,-0.4012452272941122,-0.4834614149640446,0.9283416299068904,-0.2494807886399571
101_01,-0.2312962221629036,-0.4335147457731793,-0.3398064295831623,-0.2750095491084633,-0.4012452272941122,-0.4834614149640446,-1.0771896549552529,-0.2494807886399571
74_40,-0.2312962221629036,-0.4335147457731793,-0.3398064295831623,-0.2750095491084633,-0.4012452272941122,2.0684173939183355,0.9283416299068904,4.008324670815311
49_20,-0.2312962221629036,-0.4335147457731793,-0.3398064295831623,-0.2750095491084633,2.492241482207092,-0.4834614149640446,0.9283416299068904,-0.2494807886399571
71_27,-0.2312962221629036,-0.4335147457731793,-0.3398064295831623,-0.2750095491084633,-0.4012452272941122,2.0684173939183355,-1.0771896549552529,-0.2494807886399571
103_08,-0.2312962221629036,-0.4335147457731793,-0.3398064295831623,-0.2750095491084633,-0.4012452272941122,-0.4834614149640446,-1.0771896549552529,-0.2494807886399571
33_08,-0.2312962221629036,-0.4335147457731793,-0.3398064295831623,-0.2750095491084633,-0.4012452272941122,-0.4834614149640446,-1.0771896549552529,-0.2494807886399571
42_08,4.323460152737352,-0.4335147457731793,-0.3398064295831623,-0.2750095491084633,-0.4012452272941122,-0.4834614149640446,0.9283416299068904,-0.2494807886399571
65_42,-0.2312962221629036,-0.4335147457731793,-0.3398064295831623,-0.2750095491084633,-0.4012452272941122,-0.4834614149640446,0.9283416299068904,-0.2494807886399571
13_02,-0.2312962221629036,-0.4335147457731793,-0.3398064295831623,-0.2750095491084633,-0.4012452272941122,-0.4834614149640446,0.9283416299068904,-0.2494807886399571
70_20,-0.2312962221629036,-0.4335147457731793,-0.3398064295831623,-0.2750095491084633,-0.4012452272941122,-0.4834614149640446,-1.0771896549552529,-0.2494807886399571
77_27,-0.2312962221629036,2.3067266102251884,-0.3398064295831623,-0.2750095491084633,-0.4012452272941122,2.0684173939183355,0.9283416299068904,-0.2494807886399571
67_26,-0.2312962221629036,2.3067266102251884,2.9428519090315377,-0.2750095491084633,2.492241482207092,-0.4834614149640446,0.9283416299068904,-0.2494807886399571
31_26,-0.2312962221629036,-0.4335147457731793,-0.3398064295831623,-0.2750095491084633,-0.4012452272941122,-0.4834614149640446,-1.0771896549552529,-0.2494807886399571
71_05,-0.2312962221629036,-0.4335147457731793,-0.3398064295831623,-0.2750095491084633,-0.4012452272941122,2.0684173939183355,-1.0771896549552529,-0.2494807886399571
07_43,-0.2312962221629036,-0.4335147457731793,-0.3398064295831623,-0.2750095491084633,-0.4012452272941122,-0.4834614149640446,-1.0771896549552529,-0.2494807886399571
76_24,-0.2312962221629036,2.3067266102251884,-0.3398064295831623,-0.2750095491084633,-0.4012452272941122,-0.4834614149640446,0.9283416299068904,-0.2494807886399571
28_33,-0.2312962221629036,-0.4335147457731793,-0.3398064295831623,3.636237371545238,-0.4012452272941122,2.0684173939183355,-1.0771896549552529,-0.2494807886399571
34_33,-0.2312962221629036,-0.4335147457731793,-0.3398064295831623,-0.2750095491084633,-0.4012452272941122,-0.4834614149640446,-1.0771896549552529,-0.2494807886399571
74_27,-0.2312962221629036,-0.4335147457731793,-0.3398064295831623,-0.2750095491084633,-0.4012452272941122,2.0684173939183355,0.9283416299068904,-0.2494807886399571
11_33,4.323460152737352,2.3067266102251884,-0.3398064295831623,-0.2750095491084633,-0.4012452272941122,-0.4834614149640446,0.9283416299068904,-0.2494807886399571
37_06,-0.2312962221629036,-0.4335147457731793,-0.3398064295831623,-0.2750095491084633,-0.4012452272941122,-0.4834614149640446,0.9283416299068904,-0.2494807886399571
81_01,-0.2312962221629036,-0.4335147457731793,-0.3398064295831623,-0.2750095491084633,-0.4012452272941122,-0.4834614149640446,0.9283416299068904,-0.2494807886399571
101_16,-0.2312962221629036,-0.4335147457731793,-0.3398064295831623,-0.2750095491084633,-0.4012452272941122,-0.4834614149640446,-1.0771896549552529,-0.2494807886399571
05_06,-0.2312962221629036,-0.4335147457731793,-0.3398064295831623,-0.2750095491084633,-0.4012452272941122,-0.4834614149640446,0.9283416299068904,-0.2494807886399571
66_06,-0.2312962221629036,2.3067266102251884,-0.3398064295831623,-0.2750095491084633,-0.4012452272941122,-0.4834614149640446,0.9283416299068904,-0.2494807886399571
04_33,-0.2312962221629036,2.3067266102251884,-0.3398064295831623,-0.2750095491084633,-0.4012452272941122,-0.4834614149640446,0.9283416299068904,-0.2494807886399571
01_06,-0.2312962221629036,-0.4335147457731793,-0.3398064295831623,3.636237371545238,-0.4012452272941122,2.0684173939183355,-1.0771896549552529,-0.2494807886399571
68_34,-0.2312962221629036,-0.4335147457731793,-0.3398064295831623,-0.2750095491084633,-0.4012452272941122,-0.4834614149640446,0.9283416299068904,-0.2494807886399571
31_43,-0.2312962221629036,-0.4335147457731793,-0.3398064295831623,-0.2750095491084633,-0.4012452272941122,-0.4834614149640446,-1.0771896549552529,-0.2494807886399571
79_03,-0.2312962221629036,-0.4335147457731793,-0.3398064295831623,-0.2750095491084633,-0.4012452272941122,-0.4834614149640446,0.9283416299068904,-0.2494807886399571
38_26,-0.2312962221629036,2.3067266102251884,-0.3398064295831623,-0.2750095491084633,-0.4012452272941122,-0.4834614149640446,0.9283416299068904,-0.2494807886399571
101_47,-0.2312962221629036,-0.4335147457731793,-0.3398064295831623,-0.2750095491084633,-0.4012452272941122,-0.4834614149640446,-1.0771896549552529,-0.2494807886399571
12_06,-0.2312962221629036,-0.4335147457731793,-0.3398064295831623,-0.2750095491084633,-0.4012452272941122,-0.4834614149640446,0.9283416299068904,-0.2494807886399571
35_16,-0.2312962221629036,-0.4335147457731793,-0.3398064295831623,-0.2750095491084633,-0.4012452272941122,-0.4834614149640446,-1.0771896549552529,-0.2494807886399571
104_41,-0.2312962221629036,-0.4335147457731793,2.9428519090315377,-0.2750095491084633,2.492241482207092,-0.4834614149640446,0.9283416299068904,-0.2494807886399571
102_24,-0.2312962221629036,-0.4335147457731793,-0.3398064295831623,-0.2750095491084633,-0.4012452272941122,2.0684173939183355,0.9283416299068904,-0.2494807886399571
33_20,-0.2312962221629036,-0.4335147457731793,-0.3398064295831623,-0.2750095491084633,-0.4012452272941122,-0.4834614149640446,-1.0771896549552529,-0.2494807886399571
14_03,4.323460152737352,2.3067266102251884,2.9428519090315377,-0.2750095491084633,2.492241482207092,-0.4834614149640446,0.9283416299068904,-0.2494807886399571
101_42,-0.2312962221629036,-0.4335147457731793,-0.3398064295831623,-0.2750095491084633,-0.4012452272941122,-0.4834614149640446,-1.0771896549552529,-0.2494807886399571
70_33,-0.2312962221629036,-0.4335147457731793,-0.3398064295831623,-0.2750095491084633,-0.4012452272941122,-0.4834614149640446,-1.0771896549552529,-0.2494807886399571
49_03,-0.2312962221629036,-0.4335147457731793,-0.3398064295831623,-0.2750095491084633,2.492241482207092,-0.4834614149640446,0.9283416299068904,-0.2494807886399571
33_40,-0.2312962221629036,-0.4335147457731793,-0.3398064295831623,-0.2750095491084633,-0.4012452272941122,-0.4834614149640446,-1.0771896549552529,4.008324670815311
28_27,-0.2312962221629036,-0.4335147457731793,-0.3398064295831623,3.636237371545238,-0.4012452272941122,2.0684173939183355,-1.0771896549552529,-0.2494807886399571
09_33,-0.2312962221629036,-0.4335147457731793,-0.3398064295831623,-0.2750095491084633,-0.4012452272941122,-0.4834614149640446,-1.0771896549552529,-0.2494807886399571
79_42,-0.2312962221629036,-0.4335147457731793,-0.3398064295831623,-0.2750095491084633,-0.4012452272941122,-0.4834614149640446,0.9283416299068904,-0.2494807886399571
31_42,-0.2312962221629036,-0.4335147457731793,-0.3398064295831623,-0.2750095491084633,-0.4012452272941122,-0.4834614149640446,-1.0771896549552529,-0.2494807886399571
33_42,-0.2312962221629036,-0.4335147457731793,-0.3398064295831623,-0.2750095491084633,-0.4012452272941122,-0.4834614149640446,-1.0771896549552529,-0.2494807886399571
72_41,-0.2312962221629036,-0.4335147457731793,-0.3398064295831623,-0.2750095491084633,-0.4012452272941122,-0.4834614149640446,-1.0771896549552529,-0.2494807886399571
41_24,-0.2312962221629036,-0.4335147457731793,2.9428519090315377,-0.2750095491084633,2.492241482207092,-0.4834614149640446,0.9283416299068904,-0.2494807886399571
34_34,-0.2312962221629036,-0.4335147457731793,-0.3398064295831623,-0.2750095491084633,-0.4012452272941122,-0.4834614149640446,-1.0771896549552529,-0.2494807886399571
94_47,-0.2312962221629036,-0.4335147457731793,-0.3398064295831623,-0.2750095491084633,2.492241482207092,-0.4834614149640446,0.9283416299068904,-0.2494807886399571
28_43,-0.2312962221629036,-0.4335147457731793,-0.3398064295831623,3.636237371545238,-0.4012452272941122,2.0684173939183355,-1.0771896549552529,-0.2494807886399571
48_47,-0.2312962221629036,-0.4335147457731793,-0.3398064295831623,-0.2750095491084633,-0.4012452272941122,-0.4834614149640446,-1.0771896549552529,-0.2494807886399571
76_26,-0.2312962221629036,2.3067266102251884,-0.3398064295831623,-0.2750095491084633,-0.4012452272941122,-0.4834614149640446,0.9283416299068904,-0.2494807886399571
38_02,-0.2312962221629036,2.3067266102251884,-0.3398064295831623,-0.2750095491084633,-0.4012452272941122,-0.4834614149640446,0.9283416299068904,-0.2494807886399571
103_41,-0.2312962221629036,-0.4335147457731793,-0.3398064295831623,-0.2750095491084633,-0.4012452272941122,-0.4834614149640446,-1.0771896549552529,-0.2494807886399571
29_27,-0.2312962221629036,-0.4335147457731793,-0.3398064295831623,-0.2750095491084633,-0.4012452272941122,-0.4834614149640446,-1.0771896549552529,-0.2494807886399571
70_24,-0.2312962221629036,-0.4335147457731793,-0.3398064295831623,-0.2750095491084633,-0.4012452272941122,-0.4834614149640446,-1.0771896549552529,-0.2494807886399571
44_24,-0.2312962221629036,-0.4335147457731793,2.9428519090315377,-0.2750095491084633,-0.4012452272941122,-0.4834614149640446,-1.0771896549552529,-0.2494807886399571
109_42,-0.2312962221629036,-0.4335147457731793,-0.3398064295831623,-0.2750095491084633,-0.4012452272941122,-0.4834614149640446,-1.0771896549552529,-0.2494807886399571
68_16,-0.2312962221629036,-0.4335147457731793,-0.3398064295831623,-0.2750095491084633,-0.4012452272941122,-0.4834614149640446,0.9283416299068904,-0.2494807886399571
04_03,-0.2312962221629036,2.3067266102251884,-0.3398064295831623,-0.2750095491084633,-0.4012452272941122,-0.4834614149640446,0.9283416299068904,-0.2494807886399571
65_05,-0.2312962221629036,-0.4335147457731793,-0.3398064295831623,-0.2750095491084633,-0.4012452272941122,-0.4834614149640446,0.9283416299068904,-0.2494807886399571
73_26,-0.2312962221629036,-0.4335147457731793,-0.3398064295831623,-0.2750095491084633,-0.4012452272941122,-0.4834614149640446,0.9283416299068904,-0.2494807886399571
11_01,4.323460152737352,2.3067266102251884,-0.3398064295831623,-0.2750095491084633,-0.4012452272941122,-0.4834614149640446,0.9283416299068904,-0.2494807886399571
28_24,-0.2312962221629036,-0.4335147457731793,-0.3398064295831623,3.636237371545238,-0.4012452272941122,2.0684173939183355,-1.0771896549552529,-0.2494807886399571
37_26,-0.2312962221629036,-0.4335147457731793,-0.3398064295831623,-0.2750095491084633,-0.4012452272941122,-0.4834614149640446,0.9283416299068904,-0.2494807886399571
04_08,-0.2312962221629036,2.3067266102251884,-0.3398064295831623,-0.2750095491084633,-0.4012452272941122,-0.4834614149640446,0.9283416299068904,-0.2494807886399571
37_05,-0.2312962221629036,-0.4335147457731793,-0.3398064295831623,-0.2750095491084633,-0.4012452272941122,-0.4834614149640446,0.9283416299068904,-0.2494807886399571
48_41,-0.2312962221629036,-0.4335147457731793,-0.3398064295831623,-0.2750095491084633,-0.4012452272941122,-0.4834614149640446,-1.0771896549552529,-0.2494807886399571
39_34,-0.2312962221629036,2.3067266102251884,-0.3398064295831623,-0.2750095491084633,-0.4012452272941122,-0.4834614149640446,0.9283416299068904,-0.2494807886399571
29_40,-0.2312962221629036,-0.4335147457731793,-0.3398064295831623,-0.2750095491084633,-0.4012452272941122,-0.4834614149640446,-1.0771896549552529,4.008324670815311
34_03,-0.2312962221629036,-0.4335147457731793,-0.3398064295831623,-0.2750095491084633,-0.4012452272941122,-0.4834614149640446,-1.0771896549552529,-0.2494807886399571
29_43,-0.2312962221629036,-0.4335147457731793,-0.3398064295831623,-0.2750095491084633,-0.4012452272941122,-0.4834614149640446,-1.0771896549552529,-0.2494807886399571
105_41,-0.2312962221629036,-0.4335147457731793,2.9428519090315377,-0.2750095491084633,2.492241482207092,-0.4834614149640446,0.9283416299068904,-0.2494807886399571
73_42,-0.2312962221629036,-0.4335147457731793,-0.3398064295831623,-0.2750095491084633,-0.4012452272941122,-0.4834614149640446,0.9283416299068904,-0.2494807886399571
81_03,-0.2312962221629036,-0.4335147457731793,-0.3398064295831623,-0.2750095491084633,-0.4012452272941122,-0.4834614149640446,0.9283416299068904,-0.2494807886399571
67_27,-0.2312962221629036,2.3067266102251884,2.9428519090315377,-0.2750095491084633,2.492241482207092,-0.4834614149640446,0.9283416299068904,-0.2494807886399571
12_34,-0.2312962221629036,-0.4335147457731793,-0.3398064295831623,-0.2750095491084633,-0.4012452272941122,-0.4834614149640446,0.9283416299068904,-0.2494807886399571
102_05,-0.2312962221629036,-0.4335147457731793,-0.3398064295831623,-0.2750095491084633,-0.4012452272941122,2.0684173939183355,0.9283416299068904,-0.2494807886399571
105_26,-0.2312962221629036,-0.4335147457731793,2.9428519090315377,-0.2750095491084633,2.492241482207092,-0.4834614149640446,0.9283416299068904,-0.2494807886399571
44_40,-0.2312962221629036,-0.4335147457731793,2.9428519090315377,-0.2750095491084633,-0.4012452272941122,-0.4834614149640446,-1.0771896549552529,4.008324670815311
102_01,-0.2312962221629036,-0.4335147457731793,-0.3398064295831623,-0.2750095491084633,-0.4012452272941122,2.0684173939183355,0.9283416299068904,-0.2494807886399571
54_43,-0.2312962221629036,-0.4335147457731793,-0.3398064295831623,-0.2750095491084633,-0.4012452272941122,-0.4834614149640446,-1.0771896549552529,-0.2494807886399571
41_47,-0.2312962221629036,-0.4335147457731793,2.9428519090315377,-0.2750095491084633,2.492241482207092,-0.4834614149640446,0.9283416299068904,-0.2494807886399571
107_16,-0.2312962221629036,-0.4335147457731793,-0.3398064295831623,-0.2750095491084633,-0.4012452272941122,-0.4834614149640446,-1.0771896549552529,-0.2494807886399571
71_01,-0.2312962221629036,-0.4335147457731793,-0.3398064295831623,-0.2750095491084633,-0.4012452272941122,2.0684173939183355,-1.0771896549552529,-0.2494807886399571
13_16,-0.2312962221629036,-0.4335147457731793,-0.3398064295831623,-0.2750095491084633,-0.4012452272941122,-0.4834614149640446,0.9283416299068904,-0.2494807886399571
78_06,-0.2312962221629036,2.3067266102251884,-0.3398064295831623,-0.2750095491084633,-0.4012452272941122,-0.4834614149640446,0.9283416299068904,-0.2494807886399571
102_47,-0.2312962221629036,-0.4335147457731793,-0.3398064295831623,-0.2750095491084633,-0.4012452272941122,2.0684173939183355,0.9283416299068904,-0.2494807886399571
30_26,-0.2312962221629036,-0.4335147457731793,-0.3398064295831623,-0.2750095491084633,2.492241482207092,-0.4834614149640446,-1.0771896549552529,-0.2494807886399571
29_33,-0.2312962221629036,-0.4335147457731793,-0.3398064295831623,-0.2750095491084633,-0.4012452272941122,-0.4834614149640446,-1.0771896549552529,-0.2494807886399571
21_42,-0.2312962221629036,-0.4335147457731793,-0.3398064295831623,-0.2750095491084633,-0.4012452272941122,2.0684173939183355,-1.0771896549552529,-0.2494807886399571
106_08,-0.2312962221629036,-0.4335147457731793,-0.3398064295831623,-0.2750095491084633,-0.4012452272941122,-0.4834614149640446,0.9283416299068904,-0.2494807886399571
74_02,-0.2312962221629036,-0.4335147457731793,-0.3398064295831623,-0.2750095491084633,-0.4012452272941122,2.0684173939183355,0.9283416299068904,-0.2494807886399571
09_34,-0.2312962221629036,-0.4335147457731793,-0.3398064295831623,-0.2750095491084633,-0.4012452272941122,-0.4834614149640446,-1.0771896549552529,-0.2494807886399571
49_33,-0.2312962221629036,-0.4335147457731793,-0.3398064295831623,-0.2750095491084633,2.492241482207092,-0.4834614149640446,0.9283416299068904,-0.2494807886399571
103_05,-0.2312962221629036,-0.4335147457731793,-0.3398064295831623,-0.2750095491084633,-0.4012452272941122,-0.4834614149640446,-1.0771896549552529,-0.2494807886399571
95_33,-0.2312962221629036,-0.4335147457731793,-0.3398064295831623,-0.2750095491084633,-0.4012452272941122,-0.4834614149640446,-1.0771896549552529,-0.2494807886399571
41_16,-0.2312962221629036,-0.4335147457731793,2.9428519090315377,-0.2750095491084633,2.492241482207092,-0.4834614149640446,0.9283416299068904,-0.2494807886399571
104_43,-0.2312962221629036,-0.4335147457731793,2.9428519090315377,-0.2750095491084633,2.492241482207092,-0.4834614149640446,0.9283416299068904,-0.2494807886399571
72_01,-0.2312962221629036,-0.4335147457731793,-0.3398064295831623,-0.2750095491084633,-0.4012452272941122,-0.4834614149640446,-1.0771896549552529,-0.2494807886399571
71_42,-0.2312962221629036,-0.4335147457731793,-0.3398064295831623,-0.2750095491084633,-0.4012452272941122,2.0684173939183355,-1.0771896549552529,-0.2494807886399571
42_42,4.323460152737352,-0.4335147457731793,-0.3398064295831623,-0.2750095491084633,-0.4012452272941122,-0.4834614149640446,0.9283416299068904,-0.2494807886399571
11_24,4.323460152737352,2.3067266102251884,-0.3398064295831623,-0.2750095491084633,-0.4012452272941122,-0.4834614149640446,0.9283416299068904,-0.2494807886399571
75_20,-0.2312962221629036,-0.4335147457731793,-0.3398064295831623,-0.2750095491084633,-0.4012452272941122,-0.4834614149640446,0.9283416299068904,-0.2494807886399571
03_47,-0.2312962221629036,-0.4335147457731793,-0.3398064295831623,-0.2750095491084633,-0.4012452272941122,-0.4834614149640446,0.9283416299068904,-0.2494807886399571
68_47,-0.2312962221629036,-0.4335147457731793,-0.3398064295831623,-0.2750095491084633,-0.4012452272941122,-0.4834614149640446,0.9283416299068904,-0.2494807886399571
13_01,-0.2312962221629036,-0.4335147457731793,-0.3398064295831623,-0.2750095491084633,-0.4012452272941122,-0.4834614149640446,0.9283416299068904,-0.2494807886399571
73_20,-0.2312962221629036,-0.4335147457731793,-0.3398064295831623,-0.2750095491084633,-0.4012452272941122,-0.4834614149640446,0.9283416299068904,-0.2494807886399571
14_26,4.323460152737352,2.3067266102251884,2.9428519090315377,-0.2750095491084633,2.492241482207092,-0.4834614149640446,0.9283416299068904,-0.2494807886399571
44_47,-0.2312962221629036,-0.4335147457731793,2.9428519090315377,-0.2750095491084633,-0.4012452272941122,-0.4834614149640446,-1.0771896549552529,-0.2494807886399571
11_42,4.323460152737352,2.3067266102251884,-0.3398064295831623,-0.2750095491084633,-0.4012452272941122,-0.4834614149640446,0.9283416299068904,-0.2494807886399571
72_33,-0.2312962221629036,-0.4335147457731793,-0.3398064295831623,-0.2750095491084633,-0.4012452272941122,-0.4834614149640446,-1.0771896549552529,-0.2494807886399571
68_40,-0.2312962221629036,-0.4335147457731793,-0.3398064295831623,-0.2750095491084633,-0.4012452272941122,-0.4834614149640446,0.9283416299068904,4.008324670815311
39_08,-0.2312962221629036,2.3067266102251884,-0.3398064295831623,-0.2750095491084633,-0.4012452272941122,-0.4834614149640446,0.9283416299068904,-0.2494807886399571
66_27,-0.2312962221629036,2.3067266102251884,-0.3398064295831623,-0.2750095491084633,-0.4012452272941122,-0.4834614149640446,0.9283416299068904,-0.2494807886399571
34_08,-0.2312962221629036,-0.4335147457731793,-0.3398064295831623,-0.2750095491084633,-0.4012452272941122,-0.4834614149640446,-1.0771896549552529,-0.2494807886399571
33_27,-0.2312962221629036,-0.4335147457731793,-0.3398064295831623,-0.2750095491084633,-0.4012452272941122,-0.4834614149640446,-1.0771896549552529,-0.2494807886399571
09_03,-0.2312962221629036,-0.4335147457731793,-0.3398064295831623,-0.2750095491084633,-0.4012452272941122,-0.4834614149640446,-1.0771896549552529,-0.2494807886399571
40_16,-0.2312962221629036,-0.4335147457731793,2.9428519090315377,-0.2750095491084633,2.492241482207092,-0.4834614149640446,0.9283416299068904,-0.2494807886399571
41_41,-0.2312962221629036,-0.4335147457731793,2.9428519090315377,-0.2750095491084633,2.492241482207092,-0.4834614149640446,0.9283416299068904,-0.2494807886399571
13_06,-0.2312962221629036,-0.4335147457731793,-0.3398064295831623,-0.2750095491084633,-0.4012452272941122,-0.4834614149640446,0.9283416299068904,-0.2494807886399571
106_40,-0.2312962221629036,-0.4335147457731793,-0.3398064295831623,-0.2750095491084633,-0.4012452272941122,-0.4834614149640446,0.9283416299068904,4.008324670815311
68_02,-0.2312962221629036,-0.4335147457731793,-0.3398064295831623,-0.2750095491084633,-0.4012452272941122,-0.4834614149640446,0.9283416299068904,-0.2494807886399571
07_01,-0.2312962221629036,-0.4335147457731793,-0.3398064295831623,-0.2750095491084633,-0.4012452272941122,-0.4834614149640446,-1.0771896549552529,-0.2494807886399571
104_20,-0.2312962221629036,-0.4335147457731793,2.9428519090315377,-0.2750095491084633,2.492241482207092,-0.4834614149640446,0.9283416299068904,-0.2494807886399571
75_42,-0.2312962221629036,-0.4335147457731793,-0.3398064295831623,-0.2750095491084633,-0.4012452272941122,-0.4834614149640446,0.9283416299068904,-0.2494807886399571
12_47,-0.2312962221629036,-0.4335147457731793,-0.3398064295831623,-0.2750095491084633,-0.4012452272941122,-0.4834614149640446,0.9283416299068904,-0.2494807886399571
54_24,-0.2312962221629036,-0.4335147457731793,-0.3398064295831623,-0.2750095491084633,-0.4012452272941122,-0.4834614149640446,-1.0771896549552529,-0.2494807886399571
35_26,-0.2312962221629036,-0.4335147457731793,-0.3398064295831623,-0.2750095491084633,-0.4012452272941122,-0.4834614149640446,-1.0771896549552529,-0.2494807886399571
40_24,-0.2312962221629036,-0.4335147457731793,2.9428519090315377,-0.2750095491084633,2.492241482207092,-0.4834614149640446,0.9283416299068904,-0.2494807886399571
09_16,-0.2312962221629036,-0.4335147457731793,-0.3398064295831623,-0.2750095491084633,-0.4012452272941122,-0.4834614149640446,-1.0771896549552529,-0.2494807886399571
71_34,-0.2312962221629036,-0.4335147457731793,-0.3398064295831623,-0.2750095491084633,-0.4012452272941122,2.0684173939183355,-1.0771896549552529,-0.2494807886399571
14_16,4.323460152737352,2.3067266102251884,2.9428519090315377,-0.2750095491084633,2.492241482207092,-0.4834614149640446,0.9283416299068904,-0.2494807886399571
14_41,4.323460152737352,2.3067266102251884,2.9428519090315377,-0.2750095491084633,2.492241482207092,-0.4834614149640446,0.9283416299068904,-0.2494807886399571
101_26,-0.2312962221629036,-0.4335147457731793,-0.3398064295831623,-0.2750095491084633,-0.4012452272941122,-0.4834614149640446,-1.0771896549552529,-0.2494807886399571
35_34,-0.2312962221629036,-0.4335147457731793,-0.3398064295831623,-0.2750095491084633,-0.4012452272941122,-0.4834614149640446,-1.0771896549552529,-0.2494807886399571
108_24,-0.2312962221629036,-0.4335147457731793,-0.3398064295831623,-0.2750095491084633,-0.4012452272941122,2.0684173939183355,-1.0771896549552529,-0.2494807886399571
66_05,-0.2312962221629036,2.3067266102251884,-0.3398064295831623,-0.2750095491084633,-0.4012452272941122,-0.4834614149640446,0.9283416299068904,-0.2494807886399571
39_24,-0.2312962221629036,2.3067266102251884,-0.3398064295831623,-0.2750095491084633,-0.4012452272941122,-0.4834614149640446,0.9283416299068904,-0.2494807886399571
75_16,-0.2312962221629036,-0.4335147457731793,-0.3398064295831623,-0.2750095491084633,-0.4012452272941122,-0.4834614149640446,0.9283416299068904,-0.2494807886399571
66_43,-0.2312962221629036,2.3067266102251884,-0.3398064295831623,-0.2750095491084633,-0.4012452272941122,-0.4834614149640446,0.9283416299068904,-0.2494807886399571
102_27,-0.2312962221629036,-0.4335147457731793,-0.3398064295831623,-0.2750095491084633,-0.4012452272941122,2.0684173939183355,0.9283416299068904,-0.2494807886399571
39_06,-0.2312962221629036,2.3067266102251884,-0.3398064295831623,-0.2750095491084633,-0.4012452272941122,-0.4834614149640446,0.9283416299068904,-0.2494807886399571
05_43,-0.2312962221629036,-0.4335147457731793,-0.3398064295831623,-0.2750095491084633,-0.4012452272941122,-0.4834614149640446,0.9283416299068904,-0.2494807886399571
69_02,-0.2312962221629036,-0.4335147457731793,-0.3398064295831623,3.636237371545238,-0.4012452272941122,2.0684173939183355,-1.0771896549552529,-0.2494807886399571
79_01,-0.2312962221629036,-0.4335147457731793,-0.3398064295831623,-0.2750095491084633,-0.4012452272941122,-0.4834614149640446,0.9283416299068904,-0.2494807886399571
75_33,-0.2312962221629036,-0.4335147457731793,-0.3398064295831623,-0.2750095491084633,-0.4012452272941122,-0.4834614149640446,0.9283416299068904,-0.2494807886399571
13_43,-0.2312962221629036,-0.4335147457731793,-0.3398064295831623,-0.2750095491084633,-0.4012452272941122,-0.4834614149640446,0.9283416299068904,-0.2494807886399571
07_08,-0.2312962221629036,-0.4335147457731793,-0.3398064295831623,-0.2750095491084633,-0.4012452272941122,-0.4834614149640446,-1.0771896549552529,-0.2494807886399571
30_02,-0.2312962221629036,-0.4335147457731793,-0.3398064295831623,-0.2750095491084633,2.492241482207092,-0.4834614149640446,-1.0771896549552529,-0.2494807886399571
38_33,-0.2312962221629036,2.3067266102251884,-0.3398064295831623,-0.2750095491084633,-0.4012452272941122,-0.4834614149640446,0.9283416299068904,-0.2494807886399571
78_40,-0.2312962221629036,2.3067266102251884,-0.3398064295831623,-0.2750095491084633,-0.4012452272941122,-0.4834614149640446,0.9283416299068904,4.008324670815311
71_16,-0.2312962221629036,-0.4335147457731793,-0.3398064295831623,-0.2750095491084633,-0.4012452272941122,2.0684173939183355,-1.0771896549552529,-0.2494807886399571
73_47,-0.2312962221629036,-0.4335147457731793,-0.3398064295831623,-0.2750095491084633,-0.4012452272941122,-0.4834614149640446,0.9283416299068904,-0.2494807886399571
21_01,-0.2312962221629036,-0.4335147457731793,-0.3398064295831623,-0.2750095491084633,-0.4012452272941122,2.0684173939183355,-1.0771896549552529,-0.2494807886399571
05_16,-0.2312962221629036,-0.4335147457731793,-0.3398064295831623,-0.2750095491084633,-0.4012452272941122,-0.4834614149640446,0.9283416299068904,-0.2494807886399571
28_40,-0.2312962221629036,-0.4335147457731793,-0.3398064295831623,3.636237371545238,-0.4012452272941122,2.0684173939183355,-1.0771896549552529,4.008324670815311
02_24,-0.2312962221629036,-0.4335147457731793,-0.3398064295831623,-0.2750095491084633,-0.4012452272941122,-0.4834614149640446,-1.0771896549552529,-0.2494807886399571
75_40,-0.2312962221629036,-0.4335147457731793,-0.3398064295831623,-0.2750095491084633,-0.4012452272941122,-0.4834614149640446,0.9283416299068904,4.008324670815311
103_02,-0.2312962221629036,-0.4335147457731793,-0.3398064295831623,-0.2750095491084633,-0.4012452272941122,-0.4834614149640446,-1.0771896549552529,-0.2494807886399571
77_47,-0.2312962221629036,2.3067266102251884,-0.3398064295831623,-0.2750095491084633,-0.4012452272941122,2.0684173939183355,0.9283416299068904,-0.2494807886399571
79_02,-0.2312962221629036,-0.4335147457731793,-0.3398064295831623,-0.2750095491084633,-0.4012452272941122,-0.4834614149640446,0.9283416299068904,-0.2494807886399571
11_02,4.323460152737352,2.3067266102251884,-0.3398064295831623,-0.2750095491084633,-0.4012452272941122,-0.4834614149640446,0.9283416299068904,-0.2494807886399571
12_16,-0.2312962221629036,-0.4335147457731793,-0.3398064295831623,-0.2750095491084633,-0.4012452272941122,-0.4834614149640446,0.9283416299068904,-0.2494807886399571
70_26,-0.2312962221629036,-0.4335147457731793,-0.3398064295831623,-0.2750095491084633,-0.4012452272941122,-0.4834614149640446,-1.0771896549552529,-0.2494807886399571
14_33,4.323460152737352,2.3067266102251884,2.9428519090315377,-0.2750095491084633,2.492241482207092,-0.4834614149640446,0.9283416299068904,-0.2494807886399571
37_40,-0.2312962221629036,-0.4335147457731793,-0.3398064295831623,-0.2750095491084633,-0.4012452272941122,-0.4834614149640446,0.9283416299068904,4.008324670815311
106_27,-0.2312962221629036,-0.4335147457731793,-0.3398064295831623,-0.2750095491084633,-0.4012452272941122,-0.4834614149640446,0.9283416299068904,-0.2494807886399571
79_43,-0.2312962221629036,-0.4335147457731793,-0.3398064295831623,-0.2750095491084633,-0.4012452272941122,-0.4834614149640446,0.9283416299068904,-0.2494807886399571
